id,first_name,last_name,email,gender,ip_address
1,Lydie,Everit,leverit0@auda.org.au,Female,33.104.148.100
2,Arte,Otley,aotley1@ihg.com,Male,137.94.36.194
3,Iago,Norvel,inorvel2@tumblr.com,Male,138.36.31.199
4,Karel,Braidman,kbraidman3@chron.com,Male,214.21.183.203
5,Benita,Kershaw,bkershaw4@omniture.com,Female,173.214.34.118
6,Wilt,Maylor,wmaylor5@vistaprint.com,Male,5.79.219.145
7,Angeli,Leivers,aleivers6@360.cn,Male,225.43.55.97
8,Eulalie,Littrell,elittrell7@amazon.com,Female,218.84.9.225
9,Johny,Gorrissen,jgorrissen8@google.com.br,Male,118.152.148.178
10,Erna,Doy,edoy9@uol.com.br,Female,57.193.173.105
11,Huey,Khomin,hkhomina@51.la,Male,54.115.25.166
12,Fabio,Goffe,fgoffeb@psu.edu,Male,224.169.179.231
13,Brook,Beathem,bbeathemc@skyrock.com,Female,113.143.224.235
14,Jeri,Havvock,jhavvockd@japanpost.jp,Female,218.138.31.248
15,Josey,Osanne,josannee@reverbnation.com,Female,199.124.65.22
16,Suzanne,Mollnar,smollnarf@digg.com,Female,160.19.240.55
17,Lev,Twinterman,ltwintermang@infoseek.co.jp,Male,66.91.44.64
18,Brandy,Pharoah,bpharoahh@huffingtonpost.com,Female,17.61.18.229
19,Reinald,Gulliford,rgullifordi@51.la,Male,107.197.124.116
20,Burnaby,Birdwhistle,bbirdwhistlej@github.io,Male,197.208.117.217
21,Lester,Stearne,lstearnek@newsvine.com,Male,45.20.178.187
22,Brewster,Hacquoil,bhacquoill@google.pl,Male,173.223.119.182
23,Leanora,Duffett,lduffettm@cisco.com,Female,164.184.161.87
24,Conan,Chasier,cchasiern@army.mil,Non-binary,167.119.129.149
25,Ethe,Merrigans,emerriganso@ask.com,Male,12.96.108.167
26,Elie,Gabbetis,egabbetisp@opensource.org,Female,208.126.52.109
27,Michaela,Santos,msantosq@umn.edu,Female,122.42.126.85
28,Vivianna,Priddie,vpriddier@gizmodo.com,Female,182.152.193.121
29,Junia,Ronayne,jronaynes@nymag.com,Female,197.14.16.230
30,Bunny,Cowlam,bcowlamt@nba.com,Female,118.118.209.83
31,Toby,Mayell,tmayellu@surveymonkey.com,Genderqueer,85.187.45.230
32,Gloria,Tatton,gtattonv@example.com,Female,151.176.153.43
33,Kelwin,Christofe,kchristofew@ca.gov,Male,54.167.225.195
34,Erminia,Kettlesing,ekettlesingx@hugedomains.com,Female,235.53.83.231
35,Stafani,Stockbridge,sstockbridgey@msn.com,Female,123.28.181.203
36,Karoly,Else,kelsez@ifeng.com,Female,57.225.228.200
37,Nissie,Raimbauld,nraimbauld10@wikia.com,Female,255.159.148.79
38,Jacky,Wingeatt,jwingeatt11@sina.com.cn,Male,25.15.103.28
39,Jannelle,Addie,jaddie12@is.gd,Female,143.127.141.242
40,Fawne,Wigglesworth,fwigglesworth13@theatlantic.com,Female,130.244.190.114
41,Giuseppe,Northey,gnorthey14@nature.com,Male,38.220.139.130
42,Bernardina,Petrishchev,bpetrishchev15@mapquest.com,Female,41.202.216.251
43,Kris,Dowda,kdowda16@printfriendly.com,Male,252.61.35.3
44,Graeme,Tregenza,gtregenza17@discovery.com,Male,246.232.203.170
45,Pollyanna,Rudeforth,prudeforth18@fda.gov,Female,162.11.98.173
46,Meade,Biswell,mbiswell19@mayoclinic.com,Female,121.47.226.207
47,Christen,Corkish,ccorkish1a@seesaa.net,Female,125.247.120.211
48,Gaynor,Weber,gweber1b@bloomberg.com,Female,111.97.8.150
49,Mahalia,Kohler,mkohler1c@amazon.de,Female,188.86.89.202
50,Dorie,Pellew,dpellew1d@shinystat.com,Male,250.234.126.118
51,Randy,Jerzyk,rjerzyk1e@army.mil,Female,118.13.53.10
52,Mata,Feuell,mfeuell1f@soundcloud.com,Male,227.38.210.99
53,Dorey,Dunsleve,ddunsleve1g@yahoo.com,Female,58.152.206.14
54,Nickey,Strover,nstrover1h@mapquest.com,Male,157.136.140.175
55,Koo,Samarth,ksamarth1i@flickr.com,Female,92.210.212.97
56,Trip,Casbolt,tcasbolt1j@wikimedia.org,Male,222.223.217.33
57,George,Dickin,gdickin1k@posterous.com,Female,123.122.184.2
58,Franky,Picker,fpicker1l@merriam-webster.com,Female,217.67.95.102
59,Barbra,Wennington,bwennington1m@bloomberg.com,Female,34.238.89.46
60,Gareth,Coughlin,gcoughlin1n@ucoz.com,Male,67.223.253.186
61,Ed,Mathouse,emathouse1o@icq.com,Male,239.211.108.73
62,Jo,Persicke,jpersicke1p@ebay.com,Female,95.31.120.208
63,Annamarie,Ferrarini,aferrarini1q@berkeley.edu,Female,135.14.28.30
64,Jocko,Veillard,jveillard1r@google.de,Male,229.20.49.42
65,Samuel,Seson,sseson1s@accuweather.com,Male,212.53.192.78
66,Kaycee,Houston,khouston1t@reddit.com,Female,111.98.182.162
67,Alli,Cromett,acromett1u@altervista.org,Female,104.163.187.31
68,Albie,Chadney,achadney1v@squarespace.com,Male,22.154.38.128
69,Selby,Narrie,snarrie1w@hubpages.com,Male,76.204.118.27
70,Marmaduke,Binge,mbinge1x@alibaba.com,Male,82.61.38.76
71,Jacquie,Newhouse,jnewhouse1y@newsvine.com,Female,240.49.159.13
72,Glenden,Fritchley,gfritchley1z@census.gov,Male,254.191.173.96
73,Binky,Falconer,bfalconer20@ca.gov,Male,200.17.43.250
74,Jessa,Bree,jbree21@redcross.org,Female,246.153.56.61
75,Malena,Northfield,mnorthfield22@dedecms.com,Female,27.217.218.188
76,Andra,Tasseler,atasseler23@rediff.com,Female,79.193.177.27
77,Viole,Davidovic,vdavidovic24@blogtalkradio.com,Female,103.155.191.135
78,Michaeline,Davidoff,mdavidoff25@behance.net,Female,159.115.238.10
79,Madge,Harget,mharget26@bandcamp.com,Female,129.126.151.23
80,Broddie,Whapples,bwhapples27@zimbio.com,Male,50.186.53.224
81,Norman,McIlmorie,nmcilmorie28@ihg.com,Male,88.234.11.181
82,Hugibert,Honeyghan,hhoneyghan29@studiopress.com,Male,216.84.204.71
83,Rikki,Schruurs,rschruurs2a@unc.edu,Male,255.124.232.68
84,Loy,Baff,lbaff2b@irs.gov,Male,179.145.206.207
85,Abe,Blackborough,ablackborough2c@fda.gov,Male,84.41.18.215
86,Adore,Van den Velde,avandenvelde2d@usda.gov,Female,90.193.230.114
87,Buddie,Lavallin,blavallin2e@photobucket.com,Male,253.99.186.45
88,Tierney,Elfitt,telfitt2f@miibeian.gov.cn,Female,204.233.148.9
89,Lorettalorna,Garbott,lgarbott2g@mapy.cz,Female,232.32.251.191
90,Peirce,Amey,pamey2h@nba.com,Male,13.252.47.90
91,Nettie,Ebsworth,nebsworth2i@weibo.com,Female,198.127.138.233
92,Zara,Kempson,zkempson2j@ucoz.com,Female,205.136.82.85
93,Brinna,Lawday,blawday2k@themeforest.net,Female,105.222.254.103
94,Merrili,Jayume,mjayume2l@cocolog-nifty.com,Bigender,124.33.37.197
95,Parry,Mennell,pmennell2m@clickbank.net,Male,235.144.132.71
96,Veronika,McIlwrick,vmcilwrick2n@nbcnews.com,Female,163.72.13.14
97,Lura,Parfrey,lparfrey2o@webmd.com,Female,202.249.248.157
98,Cissiee,Dyett,cdyett2p@spiegel.de,Female,227.131.96.103
99,Rupert,Bremner,rbremner2q@mapquest.com,Male,189.230.25.144
100,Nelly,Sherston,nsherston2r@businessinsider.com,Female,59.3.103.137
101,Johannah,Danbury,jdanbury2s@vinaora.com,Female,210.65.150.160
102,Dunn,Hooks,dhooks2t@ebay.co.uk,Male,168.230.116.208
103,Zeb,Linfield,zlinfield2u@senate.gov,Male,11.35.24.143
104,Esme,Gregory,egregory2v@surveymonkey.com,Female,168.102.253.148
105,Guthrey,Calafato,gcalafato2w@acquirethisname.com,Male,231.115.182.65
106,Reese,Rizzetti,rrizzetti2x@state.gov,Male,85.214.107.70
107,Joelle,Kohen,jkohen2y@google.pl,Female,146.231.154.190
108,Elaine,Stanbridge,estanbridge2z@i2i.jp,Polygender,152.54.221.213
109,Leena,Churchward,lchurchward30@free.fr,Female,193.242.210.126
110,Shawnee,Le Strange,slestrange31@walmart.com,Female,60.57.169.148
111,Jacquette,Asmus,jasmus32@bloglovin.com,Female,110.217.115.144
112,Marcie,Kirman,mkirman33@smh.com.au,Non-binary,166.17.235.222
113,Seka,Ludman,sludman34@globo.com,Genderfluid,109.171.118.223
114,Rowen,Pohling,rpohling35@irs.gov,Male,140.183.5.122
115,Collin,Cumberland,ccumberland36@yandex.ru,Male,21.196.82.155
116,Jaquelin,Houseley,jhouseley37@mediafire.com,Female,222.77.255.175
117,Paolina,Shipman,pshipman38@noaa.gov,Female,103.148.217.12
118,Wilhelm,Knyvett,wknyvett39@unesco.org,Male,61.152.170.58
119,Ines,Benza,ibenza3a@amazon.com,Female,12.187.10.201
120,Malva,Emson,memson3b@infoseek.co.jp,Female,148.114.72.177
121,Marci,Hritzko,mhritzko3c@jiathis.com,Polygender,105.14.28.36
122,Anestassia,Feare,afeare3d@psu.edu,Polygender,186.101.251.70
123,Trenton,Pemberton,tpemberton3e@sina.com.cn,Male,171.62.71.31
124,Gregoire,Rewan,grewan3f@google.es,Male,70.86.30.252
125,Pansy,Davidwitz,pdavidwitz3g@a8.net,Female,152.218.20.67
126,Merwin,Terrelly,mterrelly3h@paginegialle.it,Male,119.220.190.129
127,Clerissa,Bolland,cbolland3i@cloudflare.com,Female,189.166.12.249
128,Bret,Claypoole,bclaypoole3j@businessweek.com,Male,55.127.101.23
129,Cash,Donnel,cdonnel3k@abc.net.au,Male,125.26.106.227
130,Murry,Rayson,mrayson3l@nsw.gov.au,Male,37.28.140.112
131,Codee,Janney,cjanney3m@addthis.com,Female,184.207.230.164
132,Roanne,Bruin,rbruin3n@phpbb.com,Female,238.38.148.72
133,Bev,Garman,bgarman3o@ehow.com,Female,234.122.189.36
134,Ianthe,Leivesley,ileivesley3p@earthlink.net,Female,205.38.180.167
135,Wilow,Marten,wmarten3q@independent.co.uk,Non-binary,171.121.166.82
136,Granny,Pabelik,gpabelik3r@booking.com,Male,16.133.131.122
137,Peria,Reedshaw,preedshaw3s@whitehouse.gov,Female,5.182.16.232
138,Constantine,Wederell,cwederell3t@instagram.com,Male,112.252.130.54
139,Torry,Checklin,tchecklin3u@imdb.com,Male,233.84.236.235
140,Fiorenze,Harner,fharner3v@unicef.org,Non-binary,113.234.5.45
141,Jessey,Buye,jbuye3w@simplemachines.org,Male,253.48.189.110
142,Dirk,Tame,dtame3x@blog.com,Male,85.200.75.224
143,Ashbey,Pickaver,apickaver3y@sciencedaily.com,Male,176.180.23.89
144,Edlin,Bavage,ebavage3z@amazon.de,Male,240.130.136.54
145,Erina,Onthank,eonthank40@dailymotion.com,Female,226.21.155.68
146,Jolie,Yeardley,jyeardley41@opera.com,Genderfluid,247.220.210.98
147,Pru,Baumler,pbaumler42@tmall.com,Female,103.164.113.38
148,Hamel,Veschi,hveschi43@geocities.jp,Male,96.145.217.178
149,Micheline,Hacon,mhacon44@wordpress.org,Female,82.72.244.203
150,Gwenette,Scutter,gscutter45@mashable.com,Female,103.252.69.115
151,Joyce,Ranyell,jranyell46@apple.com,Female,95.2.209.70
152,Reeva,Guilaem,rguilaem47@nymag.com,Female,168.125.9.67
153,Dane,Seage,dseage48@google.pl,Male,246.145.226.62
154,Evered,Willmont,ewillmont49@ebay.co.uk,Polygender,32.70.61.45
155,Shayna,Noke,snoke4a@homestead.com,Female,185.18.225.130
156,Kele,Ollis,kollis4b@mozilla.org,Male,66.7.11.91
157,Gilligan,Arch,garch4c@ed.gov,Female,153.234.28.249
158,Aluin,Melmoth,amelmoth4d@upenn.edu,Male,143.137.90.153
159,Ario,Fortnum,afortnum4e@xing.com,Male,123.190.201.49
160,Ivy,Tureville,itureville4f@springer.com,Genderqueer,46.228.35.121
161,Frances,Mechem,fmechem4g@angelfire.com,Female,49.77.169.64
162,Fawn,Dinjes,fdinjes4h@fotki.com,Genderqueer,108.16.199.153
163,Anthony,Stranahan,astranahan4i@unicef.org,Male,66.77.184.96
164,Everett,Firman,efirman4j@bandcamp.com,Male,145.213.83.60
165,Catharina,Lowen,clowen4k@telegraph.co.uk,Female,123.155.192.241
166,Aryn,Chandlar,achandlar4l@fda.gov,Female,106.9.49.82
167,Gary,Brissenden,gbrissenden4m@squidoo.com,Male,35.154.213.151
168,Elmer,Behnen,ebehnen4n@addtoany.com,Bigender,177.142.104.119
169,Alphonso,Sandcroft,asandcroft4o@wordpress.com,Male,247.240.207.138
170,Kareem,Diano,kdiano4p@psu.edu,Male,37.41.17.119
171,Amalle,Derrell,aderrell4q@opensource.org,Female,125.14.119.86
172,Travers,Cussen,tcussen4r@bandcamp.com,Male,124.181.30.125
173,Nikolai,Geal,ngeal4s@biblegateway.com,Male,44.28.206.27
174,Arney,Cushion,acushion4t@utexas.edu,Male,59.144.66.117
175,Haslett,Klimowski,hklimowski4u@cnet.com,Male,93.142.194.138
176,Lyell,Lorans,llorans4v@latimes.com,Male,106.44.201.95
177,Nickolas,Eltone,neltone4w@prweb.com,Male,40.124.151.139
178,Jarib,Decaze,jdecaze4x@instagram.com,Male,150.169.115.95
179,Carolus,Monni,cmonni4y@cnn.com,Male,224.185.66.151
180,Sheffield,Milella,smilella4z@unc.edu,Male,9.57.84.162
181,Hadley,McAlroy,hmcalroy50@intel.com,Male,236.56.167.177
182,Bettine,Aymes,baymes51@hao123.com,Female,138.31.228.192
183,Nalani,Winslow,nwinslow52@facebook.com,Female,114.119.252.182
184,Rance,Norvel,rnorvel53@creativecommons.org,Male,132.153.121.45
185,Rafaela,Bendelow,rbendelow54@furl.net,Female,159.146.60.154
186,Ernest,Genever,egenever55@artisteer.com,Male,72.83.209.124
187,Chickie,Kiessel,ckiessel56@miibeian.gov.cn,Female,182.245.112.76
188,Karylin,Loughead,kloughead57@joomla.org,Female,146.112.87.71
189,Nilson,Patten,npatten58@wired.com,Male,133.215.228.57
190,Felice,Gulvin,fgulvin59@eepurl.com,Male,150.83.117.136
191,Vanessa,Gregori,vgregori5a@163.com,Female,209.200.173.157
192,Chloe,Clingoe,cclingoe5b@example.com,Female,81.199.236.205
193,Roanne,Gloyens,rgloyens5c@taobao.com,Female,138.199.245.153
194,Norby,Antognelli,nantognelli5d@skyrock.com,Male,113.102.181.248
195,Tybi,Strut,tstrut5e@mediafire.com,Female,16.86.94.112
196,Donetta,Joyner,djoyner5f@trellian.com,Female,82.44.234.89
197,Dukey,Plain,dplain5g@aol.com,Male,101.116.247.215
198,Elroy,Loton,eloton5h@163.com,Male,154.254.160.198
199,Graeme,Whitelaw,gwhitelaw5i@bloglines.com,Male,30.79.24.201
200,Gerrilee,Chevis,gchevis5j@flavors.me,Female,132.235.246.47
201,Sybilla,Josephy,sjosephy5k@webeden.co.uk,Genderqueer,105.226.197.47
202,Lesly,Bredee,lbredee5l@simplemachines.org,Female,10.36.19.234
203,Chris,Cotilard,ccotilard5m@guardian.co.uk,Female,29.26.13.153
204,Jere,Strangman,jstrangman5n@princeton.edu,Male,106.147.10.166
205,Angie,Dome,adome5o@hhs.gov,Female,32.30.193.88
206,Chester,Twitty,ctwitty5p@baidu.com,Male,151.135.126.249
207,Miriam,Mennithorp,mmennithorp5q@cocolog-nifty.com,Female,244.98.15.152
208,Antoinette,Pantlin,apantlin5r@aboutads.info,Polygender,136.229.255.125
209,Loretta,Antuoni,lantuoni5s@whitehouse.gov,Agender,172.166.89.188
210,Paxton,Suttling,psuttling5t@imdb.com,Male,181.181.186.244
211,Gerald,Kimblen,gkimblen5u@yellowpages.com,Male,70.165.207.41
212,Ardine,Castletine,acastletine5v@howstuffworks.com,Female,186.45.127.216
213,Oren,MacKomb,omackomb5w@tuttocitta.it,Male,125.15.250.166
214,Tobe,Pancost,tpancost5x@netscape.com,Male,181.119.201.161
215,Patrizio,Manna,pmanna5y@edublogs.org,Male,241.181.75.99
216,Elysha,Wyness,ewyness5z@paginegialle.it,Female,219.25.195.191
217,Vonny,Beverstock,vbeverstock60@naver.com,Female,203.20.167.78
218,Derick,Leheude,dleheude61@shareasale.com,Male,29.120.255.30
219,Briggs,Cuffin,bcuffin62@webs.com,Male,99.217.222.229
220,Tucky,Held,theld63@networkadvertising.org,Male,183.245.254.132
221,Inesita,Bousfield,ibousfield64@ucoz.ru,Female,29.70.255.29
222,Jamil,Wray,jwray65@angelfire.com,Male,241.3.115.50
223,Coralyn,McKernan,cmckernan66@bloglines.com,Female,245.32.250.78
224,Chrissy,Monaghan,cmonaghan67@digg.com,Male,250.181.173.182
225,Devonne,Aveline,daveline68@gizmodo.com,Female,83.137.251.156
226,Ester,Breeds,ebreeds69@parallels.com,Female,154.143.183.233
227,Marie-jeanne,Hallas,mhallas6a@google.it,Female,174.77.20.214
228,Ramsey,Oxby,roxby6b@indiatimes.com,Male,135.181.117.154
229,Curtis,Heynel,cheynel6c@gmpg.org,Male,221.238.45.8
230,Christina,Storie,cstorie6d@nationalgeographic.com,Female,189.112.193.215
231,Amalle,Chimenti,achimenti6e@reference.com,Female,38.192.17.248
232,Heidie,Sandbrook,hsandbrook6f@mysql.com,Female,4.26.135.231
233,Johannah,Farnie,jfarnie6g@alibaba.com,Female,80.42.83.111
234,Darcy,Pasek,dpasek6h@desdev.cn,Male,194.230.127.17
235,Casper,Tomankiewicz,ctomankiewicz6i@indiegogo.com,Male,53.4.65.144
236,Babita,Brumwell,bbrumwell6j@odnoklassniki.ru,Polygender,176.126.71.142
237,Chrysler,Hellyar,chellyar6k@sciencedirect.com,Female,142.98.93.13
238,Hamel,Minshull,hminshull6l@yellowbook.com,Male,21.175.252.70
239,Katleen,Durston,kdurston6m@pinterest.com,Female,144.95.207.184
240,Galven,Balentyne,gbalentyne6n@ibm.com,Male,137.193.232.161
241,Daron,Currer,dcurrer6o@vinaora.com,Female,173.64.69.164
242,Waneta,Darwood,wdarwood6p@vkontakte.ru,Female,133.48.206.220
243,Fredrick,Govan,fgovan6q@nih.gov,Male,72.175.145.102
244,Jorge,Cobson,jcobson6r@cornell.edu,Male,52.125.192.126
245,Barby,Jaye,bjaye6s@blogspot.com,Female,126.215.29.31
246,Raviv,Welband,rwelband6t@smugmug.com,Male,188.26.171.130
247,Ruthanne,Selway,rselway6u@ehow.com,Female,247.149.227.127
248,Debee,Ybarra,dybarra6v@unc.edu,Female,253.183.136.110
249,Keslie,Menichi,kmenichi6w@ifeng.com,Female,92.22.7.217
250,Brittaney,Chatres,bchatres6x@shareasale.com,Female,135.86.72.220
251,Barrie,Flello,bflello6y@google.com,Female,53.145.137.36
252,Lennie,Clewett,lclewett6z@slate.com,Male,228.188.222.100
253,Elissa,Suddick,esuddick70@who.int,Female,32.97.141.1
254,Shellie,Clemas,sclemas71@wisc.edu,Female,237.32.223.158
255,Timothy,Bennike,tbennike72@statcounter.com,Male,203.28.116.253
256,Eberto,Dallas,edallas73@yahoo.com,Male,242.113.180.140
257,Forbes,Wetwood,fwetwood74@indiatimes.com,Male,37.36.184.87
258,Jinny,Schaffel,jschaffel75@acquirethisname.com,Female,42.211.255.70
259,Chantal,Coade,ccoade76@hatena.ne.jp,Female,183.19.253.12
260,Clovis,Gledhill,cgledhill77@histats.com,Female,70.175.1.193
261,Delbert,Macconachy,dmacconachy78@engadget.com,Male,210.130.105.215
262,Diarmid,Kiehl,dkiehl79@foxnews.com,Male,68.28.64.200
263,Edith,Adamovitch,eadamovitch7a@g.co,Female,183.195.86.96
264,Wallache,Cicullo,wcicullo7b@amazon.co.jp,Male,158.165.125.107
265,Evelina,Toby,etoby7c@mysql.com,Female,225.65.147.125
266,Benedicto,Ledingham,bledingham7d@google.es,Male,160.193.97.163
267,Mitchell,Fenech,mfenech7e@ebay.com,Male,125.223.170.4
268,Verile,Shilling,vshilling7f@flavors.me,Female,235.126.59.247
269,Moreen,Pigram,mpigram7g@topsy.com,Female,161.89.175.4
270,Lesya,Vause,lvause7h@yale.edu,Female,177.177.55.86
271,Fairfax,McIllroy,fmcillroy7i@usda.gov,Male,219.175.196.211
272,Dorena,Curnnokk,dcurnnokk7j@sciencedaily.com,Female,216.109.121.226
273,Frederick,Ditch,fditch7k@prnewswire.com,Male,80.24.205.166
274,Christoper,O'Lagen,colagen7l@drupal.org,Male,242.218.228.224
275,Nealson,Gimber,ngimber7m@xinhuanet.com,Male,249.194.153.239
276,Niels,Mullany,nmullany7n@cmu.edu,Male,197.16.130.186
277,Paquito,Drable,pdrable7o@e-recht24.de,Agender,129.224.190.188
278,Ali,Fleischer,afleischer7p@chronoengine.com,Male,63.45.119.244
279,Franciskus,Fullerlove,ffullerlove7q@jimdo.com,Male,13.104.220.249
280,Julita,Cawood,jcawood7r@freewebs.com,Female,31.87.252.139
281,Emmanuel,Mitchel,emitchel7s@vimeo.com,Male,36.254.15.243
282,Bertrand,Camidge,bcamidge7t@opensource.org,Male,63.75.121.200
283,Charmian,Wilber,cwilber7u@friendfeed.com,Female,62.238.141.97
284,Babara,De Roos,bderoos7v@a8.net,Female,132.176.167.95
285,Stern,Cottle,scottle7w@flavors.me,Male,65.195.14.116
286,Jo,Gosson,jgosson7x@patch.com,Genderqueer,110.162.45.245
287,Georgia,Wedgwood,gwedgwood7y@facebook.com,Female,50.192.217.162
288,Stevie,Oldman,soldman7z@theglobeandmail.com,Male,214.127.223.52
289,Lanita,Grancher,lgrancher80@hhs.gov,Female,96.235.222.226
290,Juditha,Kinder,jkinder81@eventbrite.com,Female,196.41.31.216
291,Arlee,Sigg,asigg82@desdev.cn,Female,250.77.236.198
292,Husain,Seine,hseine83@fotki.com,Male,224.105.92.45
293,Briggs,Grigoryev,bgrigoryev84@bloomberg.com,Male,15.15.57.4
294,Kira,Auger,kauger85@dailymotion.com,Female,25.190.155.177
295,Teddy,Lumb,tlumb86@constantcontact.com,Female,12.218.66.123
296,Rhetta,Dennett,rdennett87@xinhuanet.com,Female,235.8.112.193
297,Jolyn,Ianno,jianno88@reddit.com,Agender,140.0.193.82
298,Westbrook,Janikowski,wjanikowski89@army.mil,Male,159.203.135.22
299,Merola,Kiffe,mkiffe8a@moonfruit.com,Female,33.113.24.121
300,Alphard,Cremins,acremins8b@gov.uk,Male,14.36.171.103
301,Brant,Lillecrop,blillecrop8c@gnu.org,Male,227.88.227.213
302,Concettina,Stacey,cstacey8d@reddit.com,Female,49.90.154.110
303,Benedikt,Egginton,begginton8e@cbc.ca,Male,21.47.249.135
304,Odie,Cavanagh,ocavanagh8f@google.nl,Male,142.254.110.181
305,Lori,Ducaen,lducaen8g@woothemes.com,Female,223.90.170.19
306,Merell,Romeril,mromeril8h@smh.com.au,Male,37.89.20.112
307,Christian,Yesenev,cyesenev8i@nationalgeographic.com,Male,181.117.11.2
308,Addie,Blaschek,ablaschek8j@google.co.uk,Male,203.252.214.172
309,Eleen,Spillard,espillard8k@imageshack.us,Female,88.151.30.155
310,Colet,Moreby,cmoreby8l@google.es,Male,219.93.6.229
311,Dorolisa,Vanyakin,dvanyakin8m@skype.com,Female,88.221.150.152
312,Eilis,Humm,ehumm8n@ftc.gov,Female,151.92.121.137
313,Abagael,Pauletto,apauletto8o@blogs.com,Genderqueer,107.71.80.222
314,Land,Szubert,lszubert8p@cornell.edu,Male,219.168.200.37
315,Cleveland,Beggio,cbeggio8q@google.co.uk,Male,83.199.86.69
316,Georgeta,Rocks,grocks8r@edublogs.org,Female,72.16.85.18
317,Kendal,Twyning,ktwyning8s@spotify.com,Male,48.39.44.166
318,Henderson,Glader,hglader8t@blogspot.com,Male,239.62.105.4
319,Janifer,Goodson,jgoodson8u@purevolume.com,Agender,69.244.43.186
320,Steward,Skeats,sskeats8v@disqus.com,Male,117.110.203.34
321,Sarah,Guihen,sguihen8w@drupal.org,Female,23.69.144.129
322,Myrlene,Kobpac,mkobpac8x@furl.net,Female,37.186.192.69
323,Addie,Dewhirst,adewhirst8y@ocn.ne.jp,Female,176.77.169.119
324,Mercedes,Dallemore,mdallemore8z@issuu.com,Female,242.37.75.66
325,Magdaia,Habbergham,mhabbergham90@washingtonpost.com,Female,55.245.210.159
326,Chastity,Livock,clivock91@kickstarter.com,Female,30.56.28.205
327,Blisse,Phorsby,bphorsby92@virginia.edu,Female,131.25.98.109
328,Javier,Burr,jburr93@mapquest.com,Male,177.70.130.200
329,Mallory,Sparkwell,msparkwell94@vistaprint.com,Male,142.122.240.70
330,Christina,Bangham,cbangham95@networkadvertising.org,Female,95.79.70.61
331,Panchito,Derl,pderl96@upenn.edu,Polygender,109.232.81.121
332,Danella,Mayzes,dmayzes97@hexun.com,Female,145.36.60.246
333,Graehme,Veracruysse,gveracruysse98@marketwatch.com,Male,141.148.203.218
334,Yul,Yoxall,yyoxall99@oakley.com,Polygender,208.31.173.114
335,Tanya,Oneill,toneill9a@tumblr.com,Female,101.30.3.84
336,Beckie,Iskow,biskow9b@myspace.com,Female,98.161.149.219
337,Ezequiel,Semiraz,esemiraz9c@google.pl,Genderfluid,24.30.197.168
338,Augy,Fader,afader9d@scribd.com,Non-binary,9.89.2.118
339,Leif,O'Caherny,locaherny9e@tiny.cc,Non-binary,202.47.86.137
340,Melony,Fried,mfried9f@google.com.br,Genderfluid,168.11.26.129
341,Eduino,Byrth,ebyrth9g@shop-pro.jp,Male,149.47.65.47
342,Kare,Allen,kallen9h@upenn.edu,Female,40.126.27.5
343,Damon,Doughton,ddoughton9i@squarespace.com,Male,67.154.252.155
344,Amabelle,Aps,aaps9j@auda.org.au,Female,53.11.182.197
345,Pammie,Ritter,pritter9k@last.fm,Female,236.148.250.69
346,Letizia,Dimmock,ldimmock9l@google.com.br,Female,49.13.82.118
347,Mattias,Hewlings,mhewlings9m@squarespace.com,Male,44.174.85.88
348,Cheri,Stichall,cstichall9n@huffingtonpost.com,Bigender,220.40.232.170
349,Patten,Echalier,pechalier9o@upenn.edu,Male,120.154.11.173
350,Lani,Putson,lputson9p@washington.edu,Female,23.86.231.232
351,Rivi,Tristram,rtristram9q@dot.gov,Female,108.172.160.104
352,Lambert,Sheals,lsheals9r@latimes.com,Male,181.222.39.139
353,Ula,Blincowe,ublincowe9s@constantcontact.com,Female,179.35.2.17
354,Cherie,Loan,cloan9t@discuz.net,Female,56.208.146.2
355,Yorgo,Mack,ymack9u@upenn.edu,Male,117.52.169.194
356,Hilde,Rodrigues,hrodrigues9v@t.co,Female,229.52.114.56
357,Arline,Hilbourne,ahilbourne9w@earthlink.net,Female,242.206.13.150
358,Maia,Blowin,mblowin9x@scribd.com,Female,143.78.38.56
359,Rafaellle,Morican,rmorican9y@twitpic.com,Male,34.22.243.193
360,Leonerd,Stebbing,lstebbing9z@virginia.edu,Male,51.42.146.14
361,Kareem,Dimbleby,kdimblebya0@engadget.com,Male,124.197.9.36
362,Virgina,Bagnold,vbagnolda1@usatoday.com,Female,83.129.1.65
363,Ajay,Oman,aomana2@blinklist.com,Genderqueer,136.17.89.191
364,Gary,Levee,gleveea3@hexun.com,Male,238.74.166.205
365,Angel,Dowden,adowdena4@chronoengine.com,Female,194.34.69.24
366,Alwin,Kleisle,akleislea5@ihg.com,Male,245.224.173.71
367,Grady,Tschirasche,gtschiraschea6@nba.com,Male,45.2.112.226
368,Konrad,Dwire,kdwirea7@ihg.com,Genderfluid,100.87.142.167
369,Odille,Holdforth,oholdfortha8@trellian.com,Female,156.35.115.2
370,Clemens,Delong,cdelonga9@techcrunch.com,Male,227.87.91.117
371,Lauraine,Badman,lbadmanaa@last.fm,Female,81.209.25.48
372,Angelico,Fannin,afanninab@google.co.jp,Male,14.97.231.201
373,Daryl,Jannasch,djannaschac@blogger.com,Male,46.63.30.167
374,Saundra,Tidridge,stidridgead@technorati.com,Female,198.142.244.48
375,Adolphe,Macieiczyk,amacieiczykae@dyndns.org,Male,201.112.202.156
376,Kalina,Gosswell,kgosswellaf@prnewswire.com,Female,6.124.23.56
377,Beryle,Hilland,bhillandag@nba.com,Female,232.243.220.212
378,Hermy,Cowland,hcowlandah@walmart.com,Male,162.76.51.197
379,Vite,Oty,votyai@meetup.com,Male,27.183.194.186
380,Julina,Shildrake,jshildrakeaj@dailymotion.com,Female,250.42.74.78
381,Kellie,Letterick,kletterickak@uol.com.br,Female,172.84.250.96
382,Madelaine,Uccello,muccelloal@hostgator.com,Female,42.189.62.19
383,Ethyl,Giraldo,egiraldoam@netscape.com,Female,118.151.46.185
384,Case,Mertgen,cmertgenan@1und1.de,Male,51.23.230.254
385,Stuart,Laborde,slabordeao@bizjournals.com,Male,212.222.104.230
386,Beck,Scamerdine,bscamerdineap@rambler.ru,Male,172.27.74.238
387,Ozzy,Dietzler,odietzleraq@netscape.com,Male,206.30.146.110
388,Robenia,Malby,rmalbyar@webmd.com,Female,235.73.91.235
389,Hussein,Hissett,hhissettas@ifeng.com,Male,40.88.43.199
390,Malchy,Davidowich,mdavidowichat@cyberchimps.com,Male,251.110.51.86
391,Eulalie,Dimitresco,edimitrescoau@tumblr.com,Female,83.32.50.60
392,Nil,Kinneir,nkinneirav@wiley.com,Male,251.95.39.13
393,Caz,Cudiff,ccudiffaw@amazon.co.uk,Male,137.101.226.132
394,Idalia,Schachter,ischachterax@jiathis.com,Female,152.191.63.6
395,Devlen,Hallwell,dhallwellay@spiegel.de,Male,223.243.36.90
396,Adair,Carr,acarraz@dailymail.co.uk,Male,20.77.147.132
397,Chelsey,Norrie,cnorrieb0@sohu.com,Female,57.111.51.117
398,Marve,Riddiford,mriddifordb1@webs.com,Male,173.117.92.35
399,Nancee,Urridge,nurridgeb2@ucoz.ru,Female,108.91.221.39
400,Branden,Cordobes,bcordobesb3@exblog.jp,Male,68.207.217.173
401,Hollis,Simonassi,hsimonassib4@go.com,Male,46.62.109.54
402,Anabella,Andriveau,aandriveaub5@hhs.gov,Female,176.31.164.119
403,Candi,Smorfit,csmorfitb6@stumbleupon.com,Female,228.110.166.33
404,Theodosia,Cartmale,tcartmaleb7@google.com.br,Female,125.163.45.218
405,Prue,Reinisch,preinischb8@huffingtonpost.com,Female,113.253.241.91
406,Abelard,Writtle,awrittleb9@comcast.net,Male,12.134.198.159
407,Monti,Layhe,mlayheba@sciencedaily.com,Male,138.110.44.150
408,Vanya,Chillingworth,vchillingworthbb@aboutads.info,Female,116.123.92.155
409,Theo,Baynom,tbaynombc@si.edu,Male,152.168.91.58
410,Donetta,Maasze,dmaaszebd@ycombinator.com,Female,164.225.119.215
411,Finn,Musico,fmusicobe@booking.com,Male,137.248.66.110
412,Bird,Priddy,bpriddybf@shop-pro.jp,Female,29.64.48.92
413,Jeanette,Gutman,jgutmanbg@phoca.cz,Female,114.156.113.143
414,Haydon,Milburne,hmilburnebh@huffingtonpost.com,Male,242.32.204.221
415,Jenny,Hulk,jhulkbi@posterous.com,Female,151.1.168.155
416,Jacki,Sizeland,jsizelandbj@dion.ne.jp,Female,178.69.101.3
417,Jedd,Bardey,jbardeybk@usa.gov,Male,99.251.174.109
418,Malcolm,Dominguez,mdominguezbl@reuters.com,Genderqueer,80.117.177.149
419,Lorilyn,Taylo,ltaylobm@t.co,Genderfluid,63.217.50.29
420,Red,Rainforth,rrainforthbn@360.cn,Male,9.145.125.178
421,Fayette,Marquot,fmarquotbo@mapy.cz,Female,230.159.254.113
422,Wilma,Emerine,wemerinebp@woothemes.com,Female,39.65.120.0
423,Vanny,Peat,vpeatbq@umn.edu,Female,237.254.162.139
424,Ahmad,Pavlenkov,apavlenkovbr@netscape.com,Male,103.184.175.140
425,Brander,MacGibbon,bmacgibbonbs@economist.com,Male,2.245.190.102
426,Tabatha,Guerrier,tguerrierbt@timesonline.co.uk,Female,252.195.71.188
427,Micheil,Aleksandrev,maleksandrevbu@cmu.edu,Male,202.25.27.33
428,Madalyn,Bilbrook,mbilbrookbv@wikimedia.org,Female,247.79.141.89
429,Carey,Farrens,cfarrensbw@si.edu,Polygender,138.84.89.69
430,Alexis,Coaster,acoasterbx@dagondesign.com,Genderfluid,197.171.1.176
431,Dalenna,Sliney,dslineyby@lulu.com,Female,15.33.21.9
432,Emogene,Leblanc,eleblancbz@alexa.com,Female,126.63.182.141
433,Orlan,Mumberson,omumbersonc0@cnn.com,Male,223.181.244.231
434,Larina,Shallcroff,lshallcroffc1@51.la,Female,251.164.33.255
435,Alma,O' Mara,aomarac2@prlog.org,Female,244.23.49.230
436,Julie,Swinfen,jswinfenc3@opensource.org,Female,102.199.137.11
437,Nancy,Pill,npillc4@privacy.gov.au,Female,235.24.212.229
438,Hernando,Cable,hcablec5@psu.edu,Male,253.142.26.40
439,Claudio,Embra,cembrac6@umich.edu,Male,218.183.102.0
440,Elmer,MacCaig,emaccaigc7@walmart.com,Male,200.89.79.46
441,Netti,Wager,nwagerc8@virginia.edu,Female,193.248.231.1
442,Ward,Killby,wkillbyc9@arizona.edu,Male,84.236.104.106
443,Ferdinand,Greeve,fgreeveca@ovh.net,Male,148.203.90.23
444,Tressa,Dammarell,tdammarellcb@si.edu,Female,240.135.235.139
445,Izak,Crossthwaite,icrossthwaitecc@de.vu,Male,73.154.202.235
446,Shanna,Summergill,ssummergillcd@com.com,Female,102.60.30.95
447,Tomasine,Longshaw,tlongshawce@msn.com,Non-binary,71.216.118.70
448,Myrvyn,Volkers,mvolkerscf@skype.com,Male,47.78.112.182
449,Elnar,Stanger,estangercg@mozilla.org,Male,87.117.51.108
450,Reinwald,Scutcheon,rscutcheonch@time.com,Male,226.21.191.228
451,Drud,Bonaire,dbonaireci@ning.com,Male,126.216.204.125
452,Barbara-anne,Dykas,bdykascj@aol.com,Female,23.214.104.88
453,Kary,Chaize,kchaizeck@last.fm,Female,155.82.149.120
454,Hurlee,Hartigan,hhartigancl@msu.edu,Male,215.66.211.28
455,Ynez,Polino,ypolinocm@google.co.uk,Female,85.228.233.236
456,Martguerita,Ghione,mghionecn@istockphoto.com,Female,125.250.1.96
457,Major,Bennedick,mbennedickco@dmoz.org,Male,103.35.227.203
458,Denny,Base,dbasecp@cloudflare.com,Female,255.92.139.32
459,Waylon,Wrightem,wwrightemcq@reuters.com,Male,38.225.177.122
460,Stanwood,Josifovitz,sjosifovitzcr@godaddy.com,Male,61.219.105.111
461,Verina,Metschke,vmetschkecs@nsw.gov.au,Female,63.112.148.85
462,Gustaf,Broadbridge,gbroadbridgect@merriam-webster.com,Male,177.253.92.139
463,Cyndy,Towhey,ctowheycu@engadget.com,Female,111.113.7.145
464,Astrid,Gytesham,agyteshamcv@ask.com,Female,0.43.108.135
465,Kienan,Mitro,kmitrocw@posterous.com,Bigender,106.201.233.3
466,Lind,Knibb,lknibbcx@google.ru,Genderqueer,241.118.136.14
467,Em,Hocking,ehockingcy@sciencedirect.com,Male,201.39.208.185
468,Alison,Gaine of England,againeofenglandcz@vimeo.com,Female,191.201.187.121
469,Adrea,Cutress,acutressd0@mediafire.com,Female,255.242.230.158
470,Marjory,Vallery,mvalleryd1@discuz.net,Female,204.107.151.134
471,Edythe,Buckston,ebuckstond2@homestead.com,Female,18.191.191.163
472,Eberhard,Stent,estentd3@youku.com,Genderfluid,30.212.242.144
473,Paten,Van den Broek,pvandenbroekd4@cornell.edu,Male,179.93.49.224
474,Sterne,Poulgreen,spoulgreend5@cdc.gov,Male,100.113.42.176
475,Alden,Ollett,aollettd6@blogs.com,Genderfluid,254.91.225.63
476,Dino,Creeboe,dcreeboed7@barnesandnoble.com,Male,196.6.215.69
477,Ilysa,Dorwood,idorwoodd8@privacy.gov.au,Female,240.27.142.228
478,Anthia,Glenfield,aglenfieldd9@discovery.com,Female,228.70.162.39
479,Durante,Antill,dantillda@arizona.edu,Male,224.213.243.146
480,Aili,McGorley,amcgorleydb@ebay.com,Female,215.146.255.35
481,Kiele,Bromfield,kbromfielddc@ted.com,Female,74.89.202.133
482,Reyna,Weson,rwesondd@feedburner.com,Female,2.43.226.159
483,Timmie,Oslar,toslarde@baidu.com,Female,183.3.47.2
484,Olympia,Moulden,omouldendf@umich.edu,Female,66.2.26.169
485,Julee,Crush,jcrushdg@vinaora.com,Female,84.32.56.74
486,Findley,Peyzer,fpeyzerdh@163.com,Male,122.177.199.88
487,Dannie,Round,drounddi@boston.com,Female,111.12.242.107
488,Win,Hinemoor,whinemoordj@plala.or.jp,Male,12.196.115.15
489,Kamila,Beckhurst,kbeckhurstdk@paginegialle.it,Female,42.156.203.94
490,Vivienne,Grishukhin,vgrishukhindl@skype.com,Female,112.219.0.198
491,Noble,Kilby,nkilbydm@army.mil,Male,82.108.203.152
492,Alessandro,Vasilechko,avasilechkodn@dot.gov,Male,64.237.64.73
493,Brier,Di Frisco,bdifriscodo@fotki.com,Female,51.85.6.5
494,Gerrilee,McQuirter,gmcquirterdp@wix.com,Female,198.43.198.26
495,Egbert,Hearse,ehearsedq@abc.net.au,Male,119.74.124.201
496,Gothart,Jevon,gjevondr@xinhuanet.com,Male,43.133.15.190
497,Eliza,Sussems,esussemsds@eventbrite.com,Female,200.207.109.29
498,Lannie,Beevors,lbeevorsdt@ovh.net,Male,29.247.186.192
499,Leoine,Paylor,lpaylordu@fastcompany.com,Female,104.161.19.27
500,Wendall,Ecclestone,wecclestonedv@abc.net.au,Genderqueer,122.137.135.24
501,Staffard,Amery,samerydw@prlog.org,Male,210.211.39.148
502,Augustine,Paskerful,apaskerfuldx@dedecms.com,Male,239.182.66.240
503,Bren,Weblin,bweblindy@boston.com,Male,155.226.55.127
504,Sargent,Greenhaugh,sgreenhaughdz@imgur.com,Male,209.226.18.201
505,Araldo,Eberts,aebertse0@columbia.edu,Male,45.123.49.161
506,Shaun,Cicero,sciceroe1@jugem.jp,Male,44.199.65.52
507,Nevin,Slater,nslatere2@geocities.com,Male,86.191.163.216
508,Pooh,Terrett,pterrette3@mayoclinic.com,Male,148.90.43.61
509,Athene,Adshead,aadsheade4@auda.org.au,Female,176.48.110.206
510,Selia,Cotsford,scotsforde5@imdb.com,Female,123.169.141.182
511,Celinda,MacNally,cmacnallye6@army.mil,Female,199.168.28.158
512,Jesus,Bessett,jbessette7@fastcompany.com,Male,104.57.83.198
513,Fanni,Newell,fnewelle8@scientificamerican.com,Female,93.161.189.164
514,Hyatt,Geraldez,hgeraldeze9@booking.com,Male,173.104.96.59
515,Kessiah,Hastwell,khastwellea@github.io,Female,42.8.164.238
516,Forster,Dreamer,fdreamereb@cdc.gov,Male,227.107.228.13
517,Noell,Snawdon,nsnawdonec@ask.com,Genderfluid,109.168.213.209
518,Arin,Arrow,aarrowed@nba.com,Male,61.32.155.187
519,Pauly,McGilroy,pmcgilroyee@weather.com,Female,170.254.254.135
520,Maddie,Piscotti,mpiscottief@tamu.edu,Male,203.109.187.24
521,Frieda,Kitcatt,fkitcatteg@woothemes.com,Female,84.23.43.121
522,Hillyer,Macauley,hmacauleyeh@google.com.br,Male,162.69.223.245
523,Issi,Ryan,iryanei@icio.us,Female,191.111.215.151
524,Nigel,Waltering,nwalteringej@forbes.com,Male,117.241.75.89
525,Giordano,Grubey,ggrubeyek@bloomberg.com,Male,79.16.178.37
526,Uri,Creevy,ucreevyel@microsoft.com,Male,8.154.158.185
527,Howey,Clac,hclacem@timesonline.co.uk,Male,7.185.201.32
528,Hadlee,Waker,hwakeren@apple.com,Male,138.68.171.173
529,Derry,Clitsome,dclitsomeeo@mail.ru,Male,24.227.83.139
530,Wernher,Kleint,wkleintep@about.com,Male,79.197.56.205
531,Griffith,Clouter,gcloutereq@usatoday.com,Male,138.174.197.157
532,Miof mela,Perse,mperseer@census.gov,Female,217.237.130.69
533,Adrianne,Carville,acarvillees@seesaa.net,Female,124.108.216.74
534,Ladonna,Elvidge,lelvidgeet@go.com,Bigender,242.77.42.45
535,Daryn,Medeway,dmedewayeu@devhub.com,Female,187.220.159.171
536,Todd,MacFadden,tmacfaddenev@yahoo.com,Male,89.106.123.198
537,Cally,McCathy,cmccathyew@dyndns.org,Female,66.131.189.226
538,Calypso,Neale,cnealeex@mashable.com,Female,114.254.63.163
539,Faith,Gillebert,fgillebertey@independent.co.uk,Female,166.202.64.57
540,Carmita,Cattermole,ccattermoleez@sciencedirect.com,Agender,161.66.194.248
541,Shelagh,Muskett,smuskettf0@sciencedirect.com,Female,78.37.113.74
542,Giulia,Mullins,gmullinsf1@php.net,Female,145.139.96.46
543,Cort,Tinner,ctinnerf2@delicious.com,Male,43.147.116.55
544,Candie,Girodon,cgirodonf3@archive.org,Female,114.47.61.226
545,Cacilie,Tarbox,ctarboxf4@so-net.ne.jp,Female,232.158.227.134
546,Cozmo,Phonix,cphonixf5@ehow.com,Male,4.223.250.141
547,Tiffy,Andrew,tandrewf6@pagesperso-orange.fr,Female,25.201.157.125
548,Ives,Kirkup,ikirkupf7@live.com,Male,12.161.58.227
549,Edwin,Wrightson,ewrightsonf8@yandex.ru,Male,127.230.98.28
550,Dilly,Elcocks,delcocksf9@tuttocitta.it,Male,251.92.78.92
551,Boigie,Sammonds,bsammondsfa@mlb.com,Male,178.171.185.93
552,Bibby,de Guerre,bdeguerrefb@tiny.cc,Female,179.121.79.170
553,Shayna,Lafferty,slaffertyfc@whitehouse.gov,Genderqueer,77.40.180.195
554,Caria,Brenstuhl,cbrenstuhlfd@mozilla.com,Female,145.249.46.150
555,Jobey,Moorcraft,jmoorcraftfe@51.la,Female,193.95.122.89
556,Bekki,Kiraly,bkiralyff@thetimes.co.uk,Female,80.61.5.99
557,Ray,Gow,rgowfg@bloomberg.com,Female,177.124.248.195
558,Gerick,Crapper,gcrapperfh@yelp.com,Male,41.66.106.72
559,Lise,Shrigley,lshrigleyfi@twitter.com,Female,132.171.42.7
560,Yolande,Suttling,ysuttlingfj@buzzfeed.com,Female,13.192.195.76
561,Spence,Scuse,sscusefk@exblog.jp,Male,163.94.78.54
562,Trevar,Lowdeane,tlowdeanefl@amazon.com,Male,184.85.87.236
563,Man,Kohring,mkohringfm@theglobeandmail.com,Male,214.7.85.241
564,Laurence,Oloshkin,loloshkinfn@shinystat.com,Male,223.236.173.221
565,Clay,Rodenborch,crodenborchfo@globo.com,Male,25.22.93.31
566,Gifford,Ramalho,gramalhofp@pagesperso-orange.fr,Male,236.156.155.194
567,Lauraine,Mingardi,lmingardifq@si.edu,Genderfluid,25.9.177.13
568,Katinka,Ainsworth,kainsworthfr@yellowpages.com,Female,131.248.95.110
569,Nerte,Greenhill,ngreenhillfs@redcross.org,Female,47.236.250.157
570,Trumaine,Maplestone,tmaplestoneft@imdb.com,Male,240.91.45.130
571,Bryon,D'eathe,bdeathefu@oakley.com,Male,165.70.240.167
572,Jan,Esposi,jesposifv@boston.com,Male,113.204.47.243
573,Janean,Crosgrove,jcrosgrovefw@indiatimes.com,Female,168.232.182.138
574,Georas,Stears,gstearsfx@reuters.com,Male,16.114.98.117
575,Mellisa,Spinello,mspinellofy@weebly.com,Female,83.211.32.187
576,Kurt,Younghusband,kyounghusbandfz@qq.com,Non-binary,212.227.108.119
577,Desi,McMonies,dmcmoniesg0@ycombinator.com,Male,212.246.33.241
578,Maren,Iaduccelli,miaduccellig1@alexa.com,Female,90.125.233.206
579,Nesta,Uzielli,nuziellig2@squidoo.com,Genderqueer,21.250.69.156
580,Mike,Splaven,msplaveng3@theglobeandmail.com,Male,206.178.109.31
581,Wye,Kohring,wkohringg4@prweb.com,Male,100.64.112.46
582,Dehlia,Ruspine,druspineg5@symantec.com,Female,80.78.246.41
583,Adlai,Josey,ajoseyg6@cnn.com,Male,46.15.112.183
584,Lani,Trymme,ltrymmeg7@disqus.com,Female,229.110.123.94
585,Adorne,MacGarvey,amacgarveyg8@shop-pro.jp,Female,176.236.105.86
586,Hollyanne,Botley,hbotleyg9@privacy.gov.au,Genderfluid,166.152.151.102
587,Gram,Getcliff,ggetcliffga@china.com.cn,Male,175.177.142.239
588,Hugues,Mustard,hmustardgb@samsung.com,Male,157.34.77.119
589,Bernard,Franzolini,bfranzolinigc@com.com,Bigender,191.27.110.112
590,Mariya,Balint,mbalintgd@deliciousdays.com,Female,103.16.159.190
591,Winnie,Gauge,wgaugege@bbb.org,Male,28.81.213.56
592,Blondelle,Gilstoun,bgilstoungf@tumblr.com,Genderfluid,236.4.19.160
593,Venus,Greschke,vgreschkegg@oakley.com,Agender,92.139.60.199
594,Ty,Reinger,treingergh@hao123.com,Male,31.152.230.42
595,Regen,Adamoli,radamoligi@mlb.com,Male,85.250.102.34
596,Silvester,Beushaw,sbeushawgj@bravesites.com,Bigender,45.86.50.242
597,Kelby,Northcott,knorthcottgk@1688.com,Male,141.78.44.44
598,Gabi,Andras,gandrasgl@biglobe.ne.jp,Male,148.20.236.205
599,Jecho,Kibblewhite,jkibblewhitegm@tinyurl.com,Male,74.211.88.217
600,Regine,Brunke,rbrunkegn@wsj.com,Female,243.166.50.128
601,Blanch,Mourton,bmourtongo@hud.gov,Female,21.220.186.140
602,Kamilah,Stolworthy,kstolworthygp@people.com.cn,Female,117.112.46.201
603,Fifine,Grube,fgrubegq@imageshack.us,Female,56.1.128.255
604,Kameko,Fakeley,kfakeleygr@businesswire.com,Female,210.19.19.138
605,Hugh,Manueau,hmanueaugs@cnn.com,Male,250.225.226.251
606,Lorelle,Wilkerson,lwilkersongt@patch.com,Genderfluid,169.127.32.22
607,Mia,Mustin,mmustingu@blogs.com,Female,223.202.184.13
608,Micky,Collar,mcollargv@pcworld.com,Male,79.35.150.132
609,Lauretta,Fynan,lfynangw@hugedomains.com,Female,158.130.226.101
610,Reagen,Gabe,rgabegx@weebly.com,Male,211.156.48.99
611,Madison,Sowerby,msowerbygy@about.com,Male,52.97.254.120
612,Isidor,Woodrup,iwoodrupgz@blogger.com,Male,36.67.226.180
613,Woodrow,MacCurley,wmaccurleyh0@aol.com,Male,159.4.226.78
614,Viv,Dot,vdoth1@google.es,Female,173.171.124.167
615,Del,Keigher,dkeigherh2@theglobeandmail.com,Genderqueer,102.151.23.95
616,Elene,Courtese,ecourteseh3@businessweek.com,Female,45.84.226.217
617,Suzette,Borgnet,sborgneth4@e-recht24.de,Female,232.143.229.107
618,Brig,Reddick,breddickh5@pcworld.com,Polygender,182.196.11.218
619,Eadmund,Snipe,esnipeh6@arizona.edu,Male,73.68.59.242
620,Beauregard,Brisker,bbriskerh7@hexun.com,Male,250.255.64.129
621,Dottie,Gilhouley,dgilhouleyh8@webs.com,Female,190.94.181.113
622,Tiffanie,Swetman,tswetmanh9@ocn.ne.jp,Female,12.174.31.152
623,Leonardo,Fenech,lfenechha@wordpress.com,Male,5.233.12.223
624,Johannah,Foy,jfoyhb@oracle.com,Female,96.30.87.132
625,Dorette,Gainforth,dgainforthhc@seattletimes.com,Genderqueer,55.37.15.40
626,Kacie,Sandham,ksandhamhd@washington.edu,Female,134.236.88.150
627,Darcy,Rozec,drozeche@mapy.cz,Male,34.191.111.44
628,Gerianna,Oxby,goxbyhf@stanford.edu,Polygender,122.85.125.113
629,Connie,Abrahmson,cabrahmsonhg@mashable.com,Male,240.94.234.108
630,Grata,Cogle,gcoglehh@skype.com,Female,77.206.154.100
631,Ami,Tritten,atrittenhi@craigslist.org,Female,58.81.140.166
632,Hewett,Braunds,hbraundshj@fc2.com,Male,208.171.155.62
633,Pam,Hamel,phamelhk@symantec.com,Female,162.83.94.86
634,Curt,Daubney,cdaubneyhl@netscape.com,Male,213.53.239.45
635,Silvanus,Groundwater,sgroundwaterhm@usatoday.com,Male,115.73.245.159
636,Milissent,Rambadt,mrambadthn@umn.edu,Female,175.68.139.22
637,Bethany,Pulteneye,bpulteneyeho@pbs.org,Female,148.239.85.151
638,Miof mela,Cripps,mcrippshp@microsoft.com,Female,237.233.207.226
639,Dorothea,Tessyman,dtessymanhq@macromedia.com,Female,81.18.62.165
640,Henriette,Hawick,hhawickhr@rakuten.co.jp,Female,5.126.237.202
641,Lock,Bedle,lbedlehs@cdbaby.com,Bigender,103.29.118.227
642,Everett,De Paoli,edepaoliht@tumblr.com,Male,74.81.169.175
643,Aldrich,Dana,adanahu@typepad.com,Male,15.145.181.192
644,Genia,Tiebe,gtiebehv@earthlink.net,Female,41.65.40.208
645,Glenine,Poulsen,gpoulsenhw@behance.net,Female,156.145.77.39
646,Xever,Fakes,xfakeshx@paginegialle.it,Male,90.203.86.59
647,Sheilah,Keable,skeablehy@hc360.com,Female,253.18.187.186
648,Yardley,Blenkinsopp,yblenkinsopphz@qq.com,Male,35.28.240.26
649,Quintin,Fairbard,qfairbardi0@tuttocitta.it,Male,106.120.155.108
650,Uta,MacCome,umaccomei1@time.com,Female,132.235.255.123
651,Marven,Brickett,mbricketti2@yelp.com,Male,10.166.100.122
652,Alexander,Targett,atargetti3@reverbnation.com,Male,15.27.220.209
653,Elisabeth,Fitkin,efitkini4@scientificamerican.com,Female,71.177.177.172
654,Rustin,Beaglehole,rbeagleholei5@ftc.gov,Male,217.224.5.67
655,Daile,Delgardo,ddelgardoi6@eepurl.com,Female,46.84.106.1
656,Diego,Kaley,dkaleyi7@uiuc.edu,Male,159.76.223.190
657,Emalee,Kershaw,ekershawi8@mozilla.org,Female,209.143.249.251
658,Gabriela,Troctor,gtroctori9@meetup.com,Female,154.56.139.253
659,Hansiain,Henriet,hhenrietia@51.la,Bigender,99.133.166.251
660,Giana,Poley,gpoleyib@t-online.de,Female,47.240.200.216
661,Mead,Sperski,msperskiic@bbb.org,Female,52.59.177.21
662,Cher,Nibley,cnibleyid@wufoo.com,Agender,109.89.88.17
663,Adda,Borgars,aborgarsie@phpbb.com,Female,186.138.39.127
664,Allix,Harcase,aharcaseif@admin.ch,Female,254.146.132.177
665,Lanna,Knowler,lknowlerig@angelfire.com,Genderqueer,224.220.183.84
666,Karly,Gadd,kgaddih@techcrunch.com,Female,128.181.70.128
667,Ofelia,Peyro,opeyroii@princeton.edu,Female,94.198.231.198
668,Rubi,Constable,rconstableij@cam.ac.uk,Female,81.185.30.21
669,Ashlan,Heatlie,aheatlieik@comcast.net,Female,65.136.215.45
670,Tomasina,Threadgold,tthreadgoldil@miibeian.gov.cn,Female,202.142.104.60
671,Leeland,Wanell,lwanellim@wsj.com,Male,19.75.190.207
672,Cal,Lavallie,clavalliein@princeton.edu,Male,128.200.109.76
673,Morris,Stredder,mstredderio@yelp.com,Male,51.97.7.11
674,Briana,Twell,btwellip@fotki.com,Female,83.239.50.159
675,Kylynn,Newiss,knewissiq@newyorker.com,Polygender,206.17.238.25
676,Perle,Climo,pclimoir@epa.gov,Female,58.201.63.51
677,Donica,Puckey,dpuckeyis@europa.eu,Female,0.162.151.232
678,Hildegarde,Strete,hstreteit@e-recht24.de,Female,239.112.117.162
679,Kyrstin,Whenham,kwhenhamiu@chicagotribune.com,Female,14.108.204.195
680,Cicely,Owthwaite,cowthwaiteiv@techcrunch.com,Female,112.156.44.12
681,Karney,Scanes,kscanesiw@wikimedia.org,Male,191.254.232.0
682,Florina,Jorgensen,fjorgensenix@hibu.com,Female,160.25.24.104
683,Betty,Roubert,broubertiy@flickr.com,Agender,116.199.115.98
684,Matias,Mead,mmeadiz@netvibes.com,Male,48.13.54.44
685,Rodrick,Hanny,rhannyj0@cnn.com,Male,186.232.9.101
686,Urson,Gurko,ugurkoj1@imageshack.us,Male,91.121.185.18
687,Noni,Paula,npaulaj2@google.es,Female,218.72.232.61
688,Goldia,Toogood,gtoogoodj3@nbcnews.com,Female,150.138.114.227
689,Jeffie,Havik,jhavikj4@vinaora.com,Genderqueer,168.132.234.86
690,Chrysler,Heinreich,cheinreichj5@who.int,Agender,131.120.219.237
691,Edi,Farraway,efarrawayj6@delicious.com,Female,63.129.206.192
692,Sabra,O'Gleasane,sogleasanej7@cam.ac.uk,Female,68.33.172.62
693,Trula,Oxton,toxtonj8@reference.com,Female,231.137.213.23
694,Roth,Arrell,rarrellj9@yale.edu,Genderfluid,85.62.233.49
695,Stearn,Sayer,ssayerja@oakley.com,Non-binary,58.18.101.93
696,Francesco,MacAlinden,fmacalindenjb@independent.co.uk,Male,248.254.190.33
697,Gianina,Grigaut,ggrigautjc@washingtonpost.com,Female,173.246.199.114
698,Tulley,Ricoald,tricoaldjd@reverbnation.com,Male,157.190.54.42
699,Garrick,Acomb,gacombje@tiny.cc,Male,196.105.237.143
700,Pietra,Adam,padamjf@buzzfeed.com,Female,103.81.248.201
701,Dougie,Fluin,dfluinjg@soup.io,Male,198.153.32.138
702,Barbi,Armfirld,barmfirldjh@linkedin.com,Female,218.182.95.103
703,Essa,Haggerstone,ehaggerstoneji@google.de,Female,156.86.124.30
704,Marco,Lilian,mlilianjj@ucoz.com,Male,162.205.206.150
705,Murial,Pendred,mpendredjk@homestead.com,Female,238.192.149.37
706,Patricio,Pott,ppottjl@dyndns.org,Male,56.230.246.233
707,Erich,Bowlas,ebowlasjm@upenn.edu,Male,235.162.83.106
708,Micheil,Pherps,mpherpsjn@geocities.com,Bigender,11.201.5.188
709,Kassie,Fritschel,kfritscheljo@sciencedaily.com,Female,193.51.182.219
710,Jilleen,Mobius,jmobiusjp@tamu.edu,Female,92.241.200.15
711,Jonis,Notti,jnottijq@engadget.com,Female,118.78.177.191
712,Anni,Kirsop,akirsopjr@telegraph.co.uk,Female,126.171.179.132
713,Eloisa,Swatland,eswatlandjs@fastcompany.com,Agender,129.140.211.198
714,Nita,McGinlay,nmcginlayjt@omniture.com,Polygender,62.211.128.178
715,Calley,Franc,cfrancju@arstechnica.com,Female,117.211.209.170
716,Lara,Bolmann,lbolmannjv@intel.com,Female,59.250.126.51
717,Stevana,Southward,ssouthwardjw@examiner.com,Female,202.224.127.35
718,Marni,Dibsdale,mdibsdalejx@twitter.com,Female,133.205.234.44
719,Vern,Bromehed,vbromehedjy@blogspot.com,Male,213.220.66.53
720,Falkner,Batie,fbatiejz@topsy.com,Agender,114.16.245.73
721,Garv,Branca,gbrancak0@furl.net,Male,144.233.227.183
722,Elliot,Coy,ecoyk1@about.com,Male,1.179.214.91
723,Jasen,Luciano,jlucianok2@tamu.edu,Male,198.239.64.188
724,Banky,Ilchuk,bilchukk3@quantcast.com,Male,193.34.64.248
725,Hermann,Ostridge,hostridgek4@slideshare.net,Male,122.224.237.185
726,Chick,Di Bartolommeo,cdibartolommeok5@netvibes.com,Male,82.235.28.121
727,Raphael,Welldrake,rwelldrakek6@ed.gov,Male,186.131.243.24
728,Sidoney,Caldwell,scaldwellk7@amazon.co.jp,Agender,78.67.3.241
729,Marnie,Witherington,mwitheringtonk8@ucla.edu,Female,145.207.155.67
730,Whitaker,Goard,wgoardk9@vistaprint.com,Male,44.26.219.164
731,Chancey,Camsey,ccamseyka@ovh.net,Male,246.213.239.15
732,Annissa,Barlthrop,abarlthropkb@mysql.com,Female,138.206.220.136
733,Royall,Gayton,rgaytonkc@rakuten.co.jp,Male,65.217.122.191
734,Jeremiah,Applebee,japplebeekd@posterous.com,Male,136.81.210.211
735,Lyn,Alwin,lalwinke@flavors.me,Male,211.97.187.42
736,Nickey,Steptoe,nsteptoekf@rakuten.co.jp,Male,35.207.92.84
737,Pembroke,Codling,pcodlingkg@yale.edu,Male,253.153.150.102
738,Elenore,Colmore,ecolmorekh@smugmug.com,Female,131.139.189.166
739,Vaclav,Songest,vsongestki@unicef.org,Male,173.255.57.123
740,Livvie,Enriques,lenriqueskj@ihg.com,Female,206.87.186.92
741,Sidonnie,Buncher,sbuncherkk@sourceforge.net,Female,2.177.51.29
742,Artie,Kirkby,akirkbykl@tinyurl.com,Male,128.125.228.239
743,Christoforo,Dmitrichenko,cdmitrichenkokm@fda.gov,Male,199.62.55.226
744,Thane,Leward,tlewardkn@feedburner.com,Male,69.87.43.107
745,Francine,McCathie,fmccathieko@amazon.de,Female,24.223.237.200
746,Cesaro,Dine-Hart,cdinehartkp@drupal.org,Male,249.58.211.135
747,Luelle,Laurentin,llaurentinkq@un.org,Female,121.121.17.173
748,Alick,Collumbine,acollumbinekr@who.int,Male,245.79.219.53
749,Susie,Vedmore,svedmoreks@mediafire.com,Genderqueer,99.187.211.109
750,Kamillah,Mion,kmionkt@fema.gov,Bigender,196.213.206.231
751,Kelvin,Firpi,kfirpiku@businessinsider.com,Male,77.232.91.80
752,Meade,Wynn,mwynnkv@nbcnews.com,Male,213.96.254.169
753,Editha,Benneyworth,ebenneyworthkw@booking.com,Female,11.67.202.199
754,Robyn,Gingedale,rgingedalekx@mozilla.com,Female,33.101.163.4
755,Kellsie,Persitt,kpersittky@mtv.com,Female,52.102.120.229
756,Vinson,Jeves,vjeveskz@istockphoto.com,Male,234.151.125.109
757,Caroljean,MacEllen,cmacellenl0@taobao.com,Female,47.42.0.16
758,Celle,Arling,carlingl1@google.fr,Non-binary,248.106.120.59
759,Vinnie,Scoggin,vscogginl2@ezinearticles.com,Female,165.27.126.26
760,Moreen,O'Gorman,mogormanl3@netvibes.com,Female,11.32.226.58
761,Star,Kensall,skensalll4@unesco.org,Female,192.51.19.224
762,Bunnie,McRill,bmcrilll5@squidoo.com,Female,51.124.128.56
763,Megan,Goggey,mgoggeyl6@ask.com,Female,246.249.221.216
764,Vincents,Lockery,vlockeryl7@163.com,Male,218.4.73.106
765,Chan,Skerratt,cskerrattl8@nature.com,Male,229.252.211.178
766,Joye,De Beauchemp,jdebeauchempl9@imdb.com,Female,86.209.181.27
767,Whittaker,Appleford,wapplefordla@hugedomains.com,Male,158.194.204.246
768,Gwenore,Flavelle,gflavellelb@google.com.au,Female,57.16.131.46
769,Deni,Schofield,dschofieldlc@eventbrite.com,Female,141.193.109.128
770,Remy,Fontanet,rfontanetld@mysql.com,Female,238.226.113.248
771,Saba,Ceschini,sceschinile@dedecms.com,Female,231.73.141.25
772,Nertie,Matura,nmaturalf@bluehost.com,Female,117.252.12.153
773,Judd,Brownscombe,jbrownscombelg@cdc.gov,Male,212.134.91.103
774,Delphine,Broun,dbrounlh@forbes.com,Female,73.199.106.7
775,Zaria,Syers,zsyersli@google.com,Female,37.123.144.232
776,Doralynne,Frosdick,dfrosdicklj@foxnews.com,Female,213.99.33.104
777,Tressa,Ielden,tieldenlk@is.gd,Female,239.134.229.78
778,Nye,Rushsorth,nrushsorthll@godaddy.com,Male,33.232.79.246
779,Rex,Duck,rducklm@mail.ru,Polygender,21.115.238.122
780,Clarey,Cuppitt,ccuppittln@amazon.com,Female,138.88.32.23
781,Donny,Lamberts,dlambertslo@odnoklassniki.ru,Male,2.134.92.115
782,Bendick,Vaudin,bvaudinlp@macromedia.com,Male,152.198.173.133
783,Ozzie,Dumpleton,odumpletonlq@friendfeed.com,Male,120.71.191.147
784,Nadya,Baudrey,nbaudreylr@liveinternet.ru,Female,44.14.101.182
785,Timothee,Scanes,tscanesls@addthis.com,Male,104.154.79.221
786,Lynett,Ishak,lishaklt@imdb.com,Female,172.68.118.100
787,Fowler,Raynard,fraynardlu@microsoft.com,Male,145.55.183.106
788,Englebert,McGiffie,emcgiffielv@dagondesign.com,Male,66.130.216.38
789,Mendel,Fantham,mfanthamlw@army.mil,Male,210.156.233.188
790,Bethena,Garden,bgardenlx@over-blog.com,Female,20.138.183.155
791,Josie,Meekings,jmeekingsly@hexun.com,Female,113.109.185.181
792,Georges,Skippen,gskippenlz@si.edu,Genderqueer,83.176.218.206
793,Kareem,Pietranek,kpietranekm0@studiopress.com,Male,210.148.98.96
794,Karylin,Clayden,kclaydenm1@amazon.de,Female,169.48.177.158
795,Michale,Novacek,mnovacekm2@nyu.edu,Male,245.159.103.159
796,Brod,Fairfoull,bfairfoullm3@cnn.com,Male,142.27.80.132
797,Sammy,Edmund,sedmundm4@zdnet.com,Male,248.102.151.48
798,Oswald,McGonagle,omcgonaglem5@blinklist.com,Male,116.130.94.9
799,Emiline,Beldum,ebeldumm6@umich.edu,Female,122.234.36.194
800,Griffie,Maguire,gmaguirem7@latimes.com,Male,73.58.254.235
801,Basilio,Carrane,bcarranem8@jigsy.com,Male,171.34.232.32
802,Farley,Claridge,fclaridgem9@cpanel.net,Agender,198.42.39.83
803,Carson,Swedeland,cswedelandma@ft.com,Male,8.170.213.146
804,Edie,Burndred,eburndredmb@wordpress.org,Female,146.136.111.232
805,Donny,Sumshon,dsumshonmc@bing.com,Female,45.194.116.15
806,Thomasin,Jelphs,tjelphsmd@japanpost.jp,Bigender,80.82.69.55
807,Jock,Adshead,jadsheadme@delicious.com,Male,93.231.252.36
808,Kippy,Minister,kministermf@toplist.cz,Female,36.187.182.52
809,Lambert,McKelvey,lmckelveymg@canalblog.com,Agender,37.56.14.162
810,Jaquenetta,Ferrarotti,jferrarottimh@npr.org,Female,70.162.175.252
811,Arin,Meddemmen,ameddemmenmi@buzzfeed.com,Male,21.55.243.77
812,Bank,Gooble,bgooblemj@free.fr,Male,174.156.233.239
813,Sax,Dubarry,sdubarrymk@reverbnation.com,Male,244.153.239.11
814,Stephie,Fridd,sfriddml@yellowpages.com,Female,50.24.205.170
815,Alick,Rickarsey,arickarseymm@imdb.com,Male,235.47.247.49
816,Georges,Halfhead,ghalfheadmn@thetimes.co.uk,Male,53.62.124.59
817,Lorrayne,Tirte,ltirtemo@whitehouse.gov,Agender,135.164.89.33
818,Angil,Millott,amillottmp@about.com,Female,176.13.118.207
819,Tome,Lafranconi,tlafranconimq@technorati.com,Male,168.221.11.32
820,Bambie,Noble,bnoblemr@usgs.gov,Female,88.178.169.249
821,Ringo,Warwick,rwarwickms@loc.gov,Non-binary,80.107.253.195
822,Stanwood,Critcher,scritchermt@independent.co.uk,Male,191.213.172.242
823,Damien,Scrowby,dscrowbymu@goo.gl,Male,236.68.209.20
824,Deloria,Banke,dbankemv@prnewswire.com,Female,226.139.13.178
825,Helaine,Winwright,hwinwrightmw@ox.ac.uk,Female,109.109.102.64
826,Charis,De Lascy,cdelascymx@bing.com,Female,224.173.143.0
827,Patty,Stilly,pstillymy@comsenz.com,Male,31.106.84.212
828,Clarice,Bools,cboolsmz@github.io,Female,86.156.31.112
829,Alister,Neath,aneathn0@ca.gov,Male,253.86.99.250
830,Onfre,Race,oracen1@ucoz.ru,Male,230.168.179.40
831,Phillida,Guice,pguicen2@va.gov,Female,221.195.203.113
832,Gertrud,Kiernan,gkiernann3@woothemes.com,Female,218.9.220.21
833,Bernarr,Trevascus,btrevascusn4@hao123.com,Male,230.155.9.186
834,Gris,Batrop,gbatropn5@yellowbook.com,Male,238.255.68.111
835,Anestassia,Loyley,aloyleyn6@businesswire.com,Female,250.249.174.125
836,Nickolas,Drummond,ndrummondn7@themeforest.net,Male,108.202.89.139
837,Leticia,Eddow,leddown8@wisc.edu,Female,198.142.145.247
838,Graham,Kubal,gkubaln9@de.vu,Male,52.92.16.163
839,Trefor,Bing,tbingna@mediafire.com,Male,79.16.173.55
840,Billi,Dullard,bdullardnb@seesaa.net,Female,183.165.147.231
841,Lotty,Blaydes,lblaydesnc@sbwire.com,Female,87.69.171.186
842,Mildrid,Ties,mtiesnd@netvibes.com,Female,179.184.160.54
843,Lillis,Mary,lmaryne@skyrock.com,Female,196.86.130.149
844,Marigold,Beckson,mbecksonnf@buzzfeed.com,Female,71.238.54.61
845,Victoria,Bolan,vbolanng@photobucket.com,Female,244.172.80.41
846,Akim,Yves,ayvesnh@springer.com,Male,42.180.122.244
847,Silva,Conklin,sconklinni@domainmarket.com,Agender,11.140.77.158
848,Zerk,Barg,zbargnj@webmd.com,Male,118.139.29.170
849,Vincenty,Goodoune,vgoodounenk@who.int,Male,252.4.206.52
850,Dar,Muslim,dmuslimnl@disqus.com,Male,25.109.91.69
851,Brannon,Barbier,bbarbiernm@deviantart.com,Male,104.133.186.174
852,Neely,Edeler,nedelernn@plala.or.jp,Female,75.17.111.224
853,Marie,Rouke,mroukeno@prlog.org,Female,236.230.126.202
854,Lorinda,Cleatherow,lcleatherownp@people.com.cn,Female,227.95.80.50
855,Toma,Cheston,tchestonnq@mail.ru,Female,34.99.19.115
856,Antin,Gippes,agippesnr@admin.ch,Male,122.23.148.55
857,Arlinda,Dowdall,adowdallns@bizjournals.com,Female,144.75.110.157
858,Cleveland,Becerra,cbecerrant@last.fm,Male,13.214.100.230
859,Alexis,Brickstock,abrickstocknu@hibu.com,Male,232.11.253.244
860,Niall,McCrystal,nmccrystalnv@gmpg.org,Male,163.130.33.106
861,Minnnie,Mayes,mmayesnw@psu.edu,Female,107.35.17.109
862,Charil,Trebilcock,ctrebilcocknx@clickbank.net,Female,34.72.177.28
863,Avery,Hazeldene,ahazeldeneny@usda.gov,Male,106.28.153.69
864,Morlee,Cearley,mcearleynz@stumbleupon.com,Male,30.70.102.242
865,Jonah,Rootes,jrooteso0@e-recht24.de,Male,212.18.225.126
866,Lenard,Rhead,lrheado1@is.gd,Male,234.57.180.42
867,Emory,Screas,escreaso2@slideshare.net,Male,20.128.66.105
868,Saidee,Rosenthaler,srosenthalero3@artisteer.com,Female,80.200.52.214
869,Ranna,Schall,rschallo4@google.de,Female,180.252.162.137
870,Marnie,Scarrott,mscarrotto5@liveinternet.ru,Female,195.2.213.236
871,Zerk,Orrah,zorraho6@youtu.be,Male,125.61.26.55
872,Marcia,Catlin,mcatlino7@furl.net,Female,193.146.149.67
873,Oralie,Geck,ogecko8@dyndns.org,Female,254.13.190.1
874,Chaunce,Dory,cdoryo9@so-net.ne.jp,Male,190.98.89.176
875,Maddy,Zottoli,mzottolioa@altervista.org,Male,240.220.13.194
876,Maxie,Trevan,mtrevanob@redcross.org,Male,228.157.94.199
877,Kleon,Rannigan,kranniganoc@webmd.com,Male,237.87.15.228
878,Ernesta,Swin,eswinod@ucoz.ru,Female,145.186.108.198
879,Bethany,Devenny,bdevennyoe@prlog.org,Female,40.58.226.73
880,Garth,Wager,gwagerof@so-net.ne.jp,Male,165.47.230.233
881,Ulrick,Catherall,ucatherallog@cloudflare.com,Male,205.168.253.137
882,Tadeo,Poile,tpoileoh@gmpg.org,Male,255.160.156.120
883,Flemming,Gayforth,fgayforthoi@ebay.com,Male,117.181.205.168
884,Jaime,Jaime,jjaimeoj@simplemachines.org,Female,161.166.69.191
885,Kyle,Pennuzzi,kpennuzziok@bloomberg.com,Female,36.204.91.193
886,Lezley,Edgehill,ledgehillol@netscape.com,Male,139.56.159.176
887,Trixy,Colebourn,tcolebournom@loc.gov,Female,76.251.173.8
888,Bengt,Bretton,bbrettonon@elegantthemes.com,Male,118.64.98.246
889,Dorothy,Brahmer,dbrahmeroo@oakley.com,Female,49.36.206.178
890,Salvidor,Curr,scurrop@sciencedaily.com,Bigender,164.118.147.104
891,Dexter,O'Kelly,dokellyoq@e-recht24.de,Male,140.18.188.202
892,Kristofor,Habard,khabardor@simplemachines.org,Male,220.126.130.102
893,Byrann,Tucknutt,btucknuttos@marketwatch.com,Male,179.37.57.65
894,Carmela,Jeavon,cjeavonot@wunderground.com,Female,161.125.5.182
895,Aeriel,Booeln,abooelnou@techcrunch.com,Female,187.157.19.83
896,Gottfried,Eller,gellerov@tamu.edu,Male,249.244.226.80
897,Denna,Kollaschek,dkollaschekow@cafepress.com,Female,242.228.212.210
898,Darsie,Shirley,dshirleyox@shop-pro.jp,Non-binary,248.247.21.92
899,Bev,Traite,btraiteoy@illinois.edu,Male,228.163.91.225
900,Roscoe,Farn,rfarnoz@alexa.com,Male,67.63.227.64
901,Benjie,Mitford,bmitfordp0@columbia.edu,Male,247.90.18.238
902,Augusto,Enric,aenricp1@google.co.uk,Bigender,113.121.54.159
903,Ruben,Gumme,rgummep2@etsy.com,Male,51.128.211.228
904,Marmaduke,Mizzi,mmizzip3@dyndns.org,Male,152.162.14.182
905,Amelita,Marages,amaragesp4@rakuten.co.jp,Female,102.170.44.200
906,Jennine,Buckthought,jbuckthoughtp5@ucoz.ru,Genderqueer,4.183.131.134
907,Waneta,Girvan,wgirvanp6@tamu.edu,Female,138.158.34.178
908,Barr,Daley,bdaleyp7@huffingtonpost.com,Bigender,152.185.5.204
909,Vinny,Marion,vmarionp8@blogtalkradio.com,Female,122.172.239.217
910,Clevie,Layus,clayusp9@bbc.co.uk,Male,210.12.38.227
911,Brnaby,Sibbe,bsibbepa@1688.com,Male,249.64.36.240
912,Teodor,Frankom,tfrankompb@home.pl,Male,152.241.30.148
913,Carolann,Tointon,ctointonpc@delicious.com,Female,53.32.237.8
914,Giulia,Driver,gdriverpd@timesonline.co.uk,Female,74.181.76.48
915,Pamella,Pavis,ppavispe@hugedomains.com,Female,3.98.59.23
916,Arie,Thick,athickpf@webmd.com,Male,6.228.85.196
917,Sinclare,McKean,smckeanpg@yahoo.com,Male,75.123.85.99
918,Gaby,Zannotelli,gzannotelliph@ezinearticles.com,Male,209.82.23.71
919,Adlai,Wingeatt,awingeattpi@china.com.cn,Male,126.135.208.178
920,Rollins,Fittall,rfittallpj@51.la,Male,119.151.24.223
921,Gillian,Shirlaw,gshirlawpk@1688.com,Female,176.120.25.62
922,Kaitlynn,McSperrin,kmcsperrinpl@about.me,Female,59.171.232.2
923,Darn,Heading,dheadingpm@miitbeian.gov.cn,Bigender,250.161.209.222
924,Godfry,Kingwell,gkingwellpn@technorati.com,Male,33.206.172.245
925,Sidonia,McFetridge,smcfetridgepo@netvibes.com,Female,177.21.121.135
926,Elfreda,Ellit,eellitpp@barnesandnoble.com,Female,55.230.219.126
927,Rusty,Grisewood,rgrisewoodpq@stanford.edu,Genderfluid,133.57.112.181
928,Erda,Rens,erenspr@soup.io,Female,100.231.111.27
929,Pancho,Gorthy,pgorthyps@booking.com,Male,133.126.145.38
930,Lucien,Rapsey,lrapseypt@linkedin.com,Male,126.45.160.176
931,Gabriellia,Corriea,gcorrieapu@studiopress.com,Female,88.133.157.114
932,Tara,Marchand,tmarchandpv@whitehouse.gov,Female,129.214.194.13
933,Leigh,Brydell,lbrydellpw@nih.gov,Female,148.33.25.144
934,Hestia,Talton,htaltonpx@qq.com,Female,186.132.203.86
935,Kip,Oldroyde,koldroydepy@europa.eu,Female,108.31.67.112
936,Joelie,Ruvel,jruvelpz@zimbio.com,Agender,21.52.134.222
937,Brennen,Kovacs,bkovacsq0@is.gd,Male,23.64.238.226
938,Lon,Mapholm,lmapholmq1@miitbeian.gov.cn,Male,99.128.151.211
939,Dulcinea,Oxterby,doxterbyq2@spiegel.de,Female,67.67.69.1
940,Fay,Kinkaid,fkinkaidq3@mail.ru,Genderqueer,233.41.179.142
941,Cybill,Laurentino,claurentinoq4@earthlink.net,Female,70.87.110.34
942,Katharine,Zannuto,kzannutoq5@toplist.cz,Genderqueer,110.252.193.241
943,Ailsun,Andor,aandorq6@mayoclinic.com,Female,163.178.111.203
944,Stepha,Willford,swillfordq7@ehow.com,Female,106.33.92.195
945,Gunter,Towner,gtownerq8@buzzfeed.com,Male,160.44.49.77
946,Wyatan,Flanner,wflannerq9@fc2.com,Polygender,207.216.60.116
947,Roda,Daborn,rdabornqa@tmall.com,Genderqueer,206.135.68.208
948,Kiele,Gottelier,kgottelierqb@mlb.com,Female,62.10.25.76
949,Victoria,Rive,vriveqc@exblog.jp,Female,130.159.141.246
950,Margy,Winslade,mwinsladeqd@networkadvertising.org,Female,99.173.56.247
951,Dick,Ormrod,dormrodqe@yelp.com,Male,217.101.232.143
952,Colin,O'Logan,cologanqf@histats.com,Male,82.136.183.255
953,Myrtia,Lipp,mlippqg@utexas.edu,Female,67.238.136.18
954,Ewell,Brewerton,ebrewertonqh@imgur.com,Male,253.68.252.178
955,Lexi,Musker,lmuskerqi@last.fm,Female,68.203.161.124
956,Kelli,Climpson,kclimpsonqj@amazon.co.uk,Female,104.183.121.201
957,Carolann,Bourner,cbournerqk@alibaba.com,Female,242.165.245.31
958,Candide,Hickisson,chickissonql@clickbank.net,Female,21.207.117.172
959,Jan,Slowgrave,jslowgraveqm@nih.gov,Female,8.43.138.95
960,Deeyn,Han,dhanqn@who.int,Female,227.76.17.244
961,Albie,Bromet,abrometqo@time.com,Male,224.166.96.167
962,Zackariah,Trounson,ztrounsonqp@shop-pro.jp,Male,6.37.182.63
963,Kareem,Wakeman,kwakemanqq@phoca.cz,Male,38.1.98.14
964,Kelli,Gascone,kgasconeqr@squarespace.com,Female,215.22.187.68
965,Sibby,Headon,sheadonqs@alexa.com,Female,110.65.29.90
966,Bibi,McEwen,bmcewenqt@behance.net,Female,31.129.250.70
967,Andris,Howchin,ahowchinqu@google.cn,Male,213.203.77.154
968,Cassandra,Daybell,cdaybellqv@taobao.com,Female,170.64.170.162
969,Max,Burgill,mburgillqw@ehow.com,Bigender,11.148.129.48
970,Berny,Kennedy,bkennedyqx@sourceforge.net,Male,86.179.78.243
971,Jayme,Cullum,jcullumqy@npr.org,Male,241.93.72.24
972,Gabriela,Baughen,gbaughenqz@mit.edu,Female,32.188.151.45
973,Georgia,Farlow,gfarlowr0@hostgator.com,Female,213.180.204.203
974,Adriane,Swaden,aswadenr1@prweb.com,Female,199.232.15.185
975,Germain,Heathorn,gheathornr2@wordpress.org,Female,117.153.155.23
976,Cornall,Covotto,ccovottor3@hc360.com,Male,75.25.175.245
977,L;urette,Olford,lolfordr4@spiegel.de,Female,180.192.26.92
978,Wileen,Leechman,wleechmanr5@mozilla.org,Female,142.138.65.44
979,Ermengarde,Bulluck,ebulluckr6@nasa.gov,Female,52.4.217.222
980,Felice,Heckney,fheckneyr7@ning.com,Female,229.235.137.229
981,Adolph,Valentim,avalentimr8@cloudflare.com,Male,149.199.240.153
982,Genna,Dugget,gduggetr9@aboutads.info,Female,93.136.115.1
983,Janenna,Remon,jremonra@eventbrite.com,Female,6.2.193.243
984,Thedrick,Critchell,tcritchellrb@go.com,Male,255.36.26.106
985,Jone,Macken,jmackenrc@e-recht24.de,Genderfluid,227.126.159.115
986,Jessi,Filippello,jfilippellord@etsy.com,Female,154.71.25.180
987,Helge,Dymott,hdymottre@plala.or.jp,Female,192.82.2.250
988,Mikol,Borthram,mborthramrf@skyrock.com,Male,169.125.203.89
989,Chaim,Brockhurst,cbrockhurstrg@bing.com,Non-binary,213.213.116.53
990,Merv,Craddock,mcraddockrh@skyrock.com,Male,20.89.52.87
991,Giffard,Tamblyn,gtamblynri@reddit.com,Male,130.71.151.212
992,Claire,Lawrenceson,clawrencesonrj@amazon.co.uk,Female,197.224.112.55
993,Kendrick,Cobley,kcobleyrk@yolasite.com,Male,119.20.170.5
994,Randee,Wraith,rwraithrl@sbwire.com,Genderfluid,38.18.174.228
995,Henriette,Lufkin,hlufkinrm@goo.ne.jp,Female,6.69.219.25
996,Eddy,Caple,ecaplern@house.gov,Male,223.247.106.247
997,Dalis,Pavlata,dpavlataro@theglobeandmail.com,Male,170.67.218.20
998,Vassili,Archbutt,varchbuttrp@netlog.com,Male,212.104.178.45
999,Sly,Sparrowe,ssparrowerq@apache.org,Male,147.161.190.15
1000,Maurene,Largan,mlarganrr@icio.us,Female,167.119.155.181
